promise_id,category,promise_text,sector,sub_sector,quantifiable,target_value,timeline_mentioned,target_year,commitment_type
P1,ADMINISTRATION AND GOVERNANCE,"To make all activities connected with procurements, developmental and infrastructural activities and recruitments transparent and accountable.",Governance,Administration,No,,No,,Policy
P2,Public Service:,To fill up approved vacancies in all Government Departments with in one year.,Governance,Public Service,Yes,1 year,Yes,,Fill up approved vacancies
P3,Public Service:,To Sympathetically consider extension of OPS to the pensionable government employees who joined service since 2006,Governance,Public Service,No,,No,,Extension
P4,Public Service:,To regularize the services of the presently working in source employees under,Governance,Public Service,No,,No,,Regularization
P5,Public Service:,Health & Family Welfare Department on the lines of the actions being taken by the Congress Governments of Rajasthan and Himachalhal Pradesh,Health,Health & Family Welfare Department,No,,No,,Imitation
P6,Public Service:,Giving due weightage to the contractual and guest faculties by brining suitable amendments to the recruitment rules.,Governance,Public Service,No,,No,,Policy/Regulatory
P7,Public Service:,"To give benefits to Increase monthly salary of Anganwadi Workers from to Rs. 11,500 to Rs. 15,000/ - and retirement benefit of Rs. 3 Lakhs on premature death or retirement",Welfare,Public Service,Yes,"Rs. 15,000/-",No,,Increase monthly salary
P8,Public Service:,"To give benefits to Mini Anganwadi workers from to Rs. 7,500 to Rs.10,000 and retirement benefit of Rs. 2 Lakhs on premature death or retirement",Welfare,Public Service,Yes,"Rs. 7,500 to Rs.10,000, Rs. 2 Lakhs",No,,Benefit
P9,Public Service:,"To provide ASHA workers with a fixed monthly honorarium of Rs. 5,000/- to Rs. 8,000/-",Health,Public Service,Yes,"Rs. 5,000/- to Rs. 8,000/-",No,,Financial
P10,Public Service:,"Toenhance honorarium to Midday Meal Cooks from Rs.3,600 to Rs.6,000/-",Welfare,Public Service,Yes,"Rs.6,000/-",No,,Increase
P11,Public Works:,"To abolish corruption in public works and to create a transparent tender systems in PWD, Rural Development, Irrigation, Urban Development and Power sector by enacting a special law to punish the perpetrators of corruption.",Infrastructure,Public Works,No,,No,,Legislative
P12,Public Works:,"To ensure that the works begin within 90 days of the issue of the work order, get the work completed within the time specified in the contract and settle the bills of the contractors within the time-frame of contractual agreement.",Infrastructure,Public Works,Yes,90 days,Yes,,Time-bound
P13,Police,To increase recruitment of women in Police Force to 33% of the total strength with at least 1% reservation for Gender Minorities.,Governance,Police,Yes,33%,No,,Recruitment
P14,Police,To provide special allowance of Rs 5000 per month to police officials on night duty and one month's extra pay per year.,Welfare,Police,Yes,Rs 5000,No,,Allowance
P15,Police,To provide housing to all the police personnel within five years.,Infrastructure,Housing,Yes,all police personnel,Yes,five years,Welfare
P16,Police,To establish a seed fund of Rs.200 crores to create infrastructure in Cyber Crimes and financial investigations.,Infrastructure,Cyber Crimes and financial investigations,Yes,Rs.200 crores,No,,Establishment of a seed fund
P17,LAW AND JUSTICE -- All are equal before law.,To set up a dedicated fund of Rs 2000 crore to modernise all the existing courts of the state.,Infrastructure,Justice and Law,Yes,Rs 2000 crore,No,,Financial
P18,LAW AND JUSTICE -- All are equal before law.,To reduce registration fee concerning Gift & Will on landed property within the family .,Governance,Law and Justice,No,,No,,Policy
P19,LAW AND JUSTICE -- All are equal before law.,"The Congress Party is committed to take firm and decisive action against individuals and organisations spreading hatred amongst communities on grounds of caste or religion. We believe that law and Constitution is sacrosanct and can not be violated by individuals and Organisations like Bajrang Dal, PFI or others promoting enmity or hatred, whether among majority or minority communities. We will take decisive action as per law including imposing a ban on any such organisations. Regional and Rural Development",Governance,Law and Justice,No,,No,,Policy
P20,Regional and Rural Development,To set up high-speed WiFi hotspots in every Panchayath.,Infrastructure,Communication,Yes,every Panchayath,No,,Infrastructure Development
P21,Regional and Rural Development,"Mahatma Gandhi Gram Swaraj Scheme - To invest Rs. 50 thousand crores in five years to improve facilities in villages, to provide clean drinking water, sanitation, basic education, health and all weather roads.",Infrastructure,Regional and Rural Development,Yes,50 thousand crores,Yes,five years,Investment
P22,Urban Development,To extend Bengaluru's TenderSURE road model to cities with a population more than 10 Lakh.,Infrastructure,Urban Development,Yes,10 Lakh,No,,Extension of existing model
P23,Urban Development,"To take up construction of apartments with all facilities, regularise all slums, provide them title deeds and re name the slums as Shramika Vasathi Samuchhaya",Infrastructure,Urban Development,No,,No,,Policy
P24,Urban Development,"To amend Karnataka Apartment Ownership Act, 1972 to provide for conveyance of property and land to group of owners.",Infrastructure,Urban Development,No,,No,,Legislative
P25,Urban Development,To frame rules to double the FAR for buildings in II tier cities to enterprises which generate employment.,Infrastructure,Urban Development,Yes,double the FAR,No,,Policy/Regulation
P26,Agriculture and farming,"Krishi Sarvodaya Nidhi - To allocate Rs. 1.50 lakh crores in five years for modernization of agriculture, subsidy, loan and insurance.",Agriculture,Agriculture and farming,Yes,1.50 lakh crores,Yes,five years,Allocation
P27,Agriculture and farming,"Committed to AICC session held at Raipur the congress party would implement guarantees of MSP based on the report of Agricultural price fixation commission, in consultation with the farmers representatives to the Agricultural and Horticultural produce",Agriculture,Agriculture and farming,No,,No,,Policy
P28,Agriculture and farming,To increase interest free soft loans to the farmers from Rs. 3 lakhs to 10 lakhs and with minimum interest of 3% upto Rs. 15 lakhs and to reimburse the differential interest by Government.,Agriculture,Agriculture and farming,Yes,Increase interest free soft loans from Rs. 3 lakhs to 10 lakhs and with minimum interest of 3% upto Rs. 15 lakhs,No,,Increase
P29,Agriculture and farming,To promote Agro based village industries run by rural women by investing Rs.200 crores.,Agriculture,Agriculture and farming,Yes,Rs.200 crores,No,,Investment
P30,Agriculture and farming,To repeal the anti farmer laws enacted by BJP Government and to withdraw all politically motivated cases against farmers.,Agriculture,Agriculture and farming,No,,No,,Repeal and withdrawal
P31,Agriculture and farming,Savayava Saradaara Yojane to promote Organic farming investing Rs.2500 crores in five years.,Agriculture,Agriculture and farming,Yes,Rs.2500 crores,Yes,five years,Investment
P32,Agriculture and farming,"Anew development board ""Negila Tuditha"" with seed money of Rs.500 crores. to focus on landless agricultural labourers and tenant farmers.",Agriculture,Agriculture and farming,Yes,Rs.500 crores,No,,Infrastructure development
P33,Agriculture and farming,Jala Chethana Andolana - 100% subsidy to drip and sprinkler irrigation,Agriculture,Agriculture and farming,Yes,100%,No,,Subsidy
P34,Agriculture and farming,To reintroduce subsidy for installation of solar pump-sets with 75% of the cost as subsidy.,Energy,Agriculture and farming,Yes,75%,No,,Subsidy
P35,Agriculture and farming,To form self-help group for rural agriculturist women and provide Rs.3 lakhs interest free revolving loan.,Agriculture,Agriculture and farming,Yes,Rs.3 lakhs,No,,Loan
P36,Agriculture and farming,To create Prakruthi Vikopa Nidhi - a permanent fund - by creating an initial corpus fund of Rs.5000 crores.,Agriculture,Agriculture and farming,Yes,Rs.5000 crores,No,,Create a permanent fund
P37,Agriculture and farming,To offer reasonable compensation during drought and famine situations for the loss of agricultural produce. To postpone the recovery of distressed loans and waive complete interest,Agriculture,Agriculture and farming,No,,No,,Support
P38,Agriculture and farming,To provide possession certificates to the famers of Malnad.,Agriculture,Agriculture and farming,No,,No,,Promise
P39,Agriculture and farming,To establish an Agriculture Price Commission in each revenue division.,Agriculture,Agriculture and farming,No,,No,,Establishment
P40,Horticulture,Toassist the grape growers by providing subsidies - allotment of Rs.500 Crore.,Agriculture,Horticulture,Yes,Rs.500 Crore,No,,Subsidies
P41,Horticulture,"To provide special package for development of floriculture in Bengaluru, Ramanagara and Chikkaballapura by investing Rs.500 crores.",Agriculture,Horticulture,Yes,500 crores,No,,Investment
P42,Horticulture,To create a brand for Coffee in Karnataka.,Agriculture,Horticulture,No,,No,,Create a brand
P43,Sericulture,"To create ""Sericulture Stability Revolving Fund"" with Rs.2000 Crores as initial deposit.",Agriculture,Sericulture,Yes,Rs.2000 Crores,No,,Create
P44,Sericulture,To provide Rs 3 lakh interest-free loans to all silk yarn reelers,Economy,Sericulture,Yes,Rs 3 lakh,No,,Loan
P45,Dairy Development and Animal Husbandry:,To implement Ksheera Kranthi - Mission 1.5 Crore litres of milk production per day.,Agriculture,Dairy Development and Animal Husbandry,Yes,1.5 Crore litres,No,,Implementation
P46,Dairy Development and Animal Husbandry:,Pashu Bhagya - To give loans upto Rs.3 lakhs at zero interest to dairy farmers to purchase superior Cow/Buffalo breed.,Agriculture,Dairy Development and Animal Husbandry,Yes,Rs.3 lakhs,No,,Loan
P47,Dairy Development and Animal Husbandry:,"To establish Kurigahi Samvardhana Nidhi - Rs 1,000 Crore fund for sheep rearing.",Agriculture,Dairy Development and Animal Husbandry,Yes,"Rs 1,000 Crore",No,,Establishment of a fund
P48,Dairy Development and Animal Husbandry:,Ksheeradhare — To increase the per litre milk subsidy for all dairy farmers from Rs.5 to Rs.7/-.,Agriculture,Dairy Development and Animal Husbandry,Yes,Rs.7/-,No,,Increase
P49,Dairy Development and Animal Husbandry:,Ksheera Kranti Credit Cards — To provide all dairy farmers with Ksheera,Agriculture,Dairy Development and Animal Husbandry,No,,No,,Promise
P50,Dairy Development and Animal Husbandry:,"Kranthi Credit Cards with a credit limit of Rs.50,000.",Agriculture,Dairy Development and Animal Husbandry,Yes,"Rs.50,000",No,,Other (Credit Card)
P51,Dairy Development and Animal Husbandry:,Runamuktha Kurigahi Yojane: To waive the Loan upto Rs | lakh of all sheep and goat rearing farmers.,Agriculture,Dairy Development and Animal Husbandry,Yes,Rs | lakh,No,,Waive Loan
P52,Dairy Development and Animal Husbandry:,To purchase cow-dung @Rs.3/- per KG and establish compost/manure centers in villages involving rural women/Youth.,Agriculture,Dairy Development and Animal Husbandry,Yes,Rs.3/- per KG,No,,Purchase
P53,Dairy Development and Animal Husbandry:,To provide interest-free loans to women to buy 2 cows or buffalos.,Agriculture,Dairy Development and Animal Husbandry,Yes,2 cows or buffalos,No,,Interest-free loans
P54,Fisheries - Blue Economy,"Matsyakranthi - to make projects to rise in five years Rs 12,000 Crore Blue",Economy,Blue Economy,Yes,"Rs 12,000 Crore",Yes,5 years,Increase
P55,Fisheries - Blue Economy,"""Matysa Sarvodaya Nidhi"" - To establish a Rs 5000 Crore fund to improve the fishing sector as a whole.",Economy,Fisheries - Blue Economy,Yes,5000 Crore,No,,Establishment of a fund
P56,Fisheries - Blue Economy,To provide interest-free loans of up to Rs 3 lakhs to fisherwomen.,Economy,Fisheries - Blue Economy,Yes,Rs 3 lakhs,No,,Interest-free loans
P57,Fisheries - Blue Economy,Matsya Bhagya — To provide 500 litres of tax-free diesel every year for deep sea fishing.,Economy,Blue Economy,Yes,500 litres,No,,Promise
P58,Fisheries - Blue Economy,"To provide financial assistance of Rs 10,000 to all the Nadadoni fishermen",Economy,Blue Economy,Yes,10000,No,,Financial Assistance
P59,Fisheries - Blue Economy,Matsya Mahithi Kendra - To establish a state-of-the-art satellite mapping centre at UDUPI.,Infrastructure,Fisheries - Blue Economy,No,,No,,Establishment
P60,Fisheries - Blue Economy,To arrange dredging at the points of anchorages in the jetties/ports or places where the fishing boats are being anchored.,Infrastructure,Fisheries - Blue Economy,No,,No,,Promise
P61,Fisheries - Blue Economy,"""Matsya Ashraya Yojane"" - Ensure Housing to all economically disadvantaged fishermen.",Economy,Blue Economy,Yes,Housing to all economically disadvantaged fishermen,No,,Ensure
P62,Fisheries - Blue Economy,"Mathsya Asha Kirana Yojane-—To provide Rs 6,000 to all the marine fishermen as alean period allowance during the fishing holiday.",Economy,Blue Economy,Yes,6000,No,,Allowance
P63,IRRIGATION - JEEVAJALA,To Spend Rs. 1.5 lakh crores for irrigation in the next 5 years (2023 to 2028).,Infrastructure,IRRIGATION - JEEVAJALA,Yes,1.5 lakh crores,Yes,2028,Spending
P64,IRRIGATION - JEEVAJALA,To pursue— and complete them within five years and provide budgetary support,Agriculture,IRRIGATION - JEEVAJALA,Yes,within five years,Yes,5 years,pursue and complete
P65,IRRIGATION - JEEVAJALA,". New Projects : Project Cost - Mekedatu -Rs. 9,000 Cr, Mahadayi -Rs. 3,000 Cr",Infrastructure,Irrigation,Yes,"Rs. 12,000 Cr",No,,New Projects
P66,IRRIGATION - JEEVAJALA,". Existing projects : Upper Bhadra, Upper Krishna , Yethinahole and Varahi",Infrastructure,Irrigation,Yes,"Upper Bhadra, Upper Krishna, Yethinahole and Varahi",No,,Existing projects
P67,IRRIGATION - JEEVAJALA,"BJP has failed to implement Mahadayi project denying 3.9 TMC of clean drinking water to over 50 lakh residents living across Belagavi, Hubli-Dharwaddistricts.",Infrastructure,IRRIGATION - JEEVAJALA,Yes,3.9 TMC,No,,Promise
P68,IRRIGATION - JEEVAJALA,Action willbe taken to obtain necessary clearances from the Union Government,Infrastructure,Irrigation,No,,No,,Action
P69,IRRIGATION - JEEVAJALA,100% of the Mahadayi water allocated to Karnataka will be utilised,Infrastructure,Irrigation,Yes,100%,No,,Utilisation
P70,IRRIGATION - JEEVAJALA,Rs 500 crore will be allocated in the first cabinet meeting,Infrastructure,Irrigation,Yes,500 crore,Yes,,Allocation
P71,IRRIGATION - JEEVAJALA,All the components of Mahadayi river diversion projects shall be completed in the next 5 years with a total outlay of Rs 3000 Cr,Infrastructure,IRRIGATION - JEEVAJALA,Yes,Rs 3000 Cr,Yes,5 years from now,Project completion
P72,IRRIGATION - JEEVAJALA,"Priority will be given to drinking water, agriculture, and then to electricity generation",Infrastructure,Irrigation,No,,No,,Priority
P73,IRRIGATION - JEEVAJALA,Congress will ensure responsible and secure rehabilitation of project affected families,Infrastructure,Irrigation,No,,No,,Policy
P74,IRRIGATION - JEEVAJALA,Congress will adopt latest state-of-the-art technology for the construction of Kalasa and Banduri dams to undertake desilting of Thungabadra Dam on priority to ensure the 200 TMC of storage is not lost and additional area of agricultural area is brought under irrigation,Infrastructure,IRRIGATION - JEEVAJALA,Yes,200 TMC,Yes,,Adoption of technology
P75,IRRIGATION - JEEVAJALA,"To provide Rs. 1000 crores for cleaning all important rivers in Karnataka (Kali, Bedthi, Krishna, Tungabhadra, Malaprabha, Bhima, Cauvery, Kabini, Shimsha, Arkavathi, Yagachi, Kumaradhara and Nethravathi Rivers) over a period of 5 years.",Infrastructure,IRRIGATION - JEEVAJALA,Yes,1000 crores,Yes,5 years,Financial
P76,Industry and Commerce,To Establish a Gold and Diamond Park of International Standard in Mangaluru ina secure zone with all amenities to attract tourism and trade on par with Dubai.,Infrastructure,Industry and Commerce,No,,No,,Establishment
P77,Industry and Commerce,To develop the industrial infrastructure in the border areas of the state Talaped (Kerala) Nippani (Maharastra) Bidar (Maharastara / Telangana) Sarjapura (Tamilnadu) and Srinivasapura (Andrapradesh) established Border Industrial Development Board with the investment of rs. 5000 Crs in five years.,Infrastructure,Industrial Infrastructure,Yes,5000 Crs,Yes,five years,Investment
P78,Industry and Commerce,To provide start-up fund of Rs. 10 crores to each constituency.,Economy,Industry and Commerce,Yes,Rs. 10 crores,No,,Financial
P79,Industry and Commerce,"To upgrade through Karnataka Industrial Area Development Board (KIADB) with all the facilities - Tech parks in Mysuru, Mangalore, and Hubli Dharwad with the prospect of creating one lakh employment under IT.",Infrastructure,Industry and Commerce,Yes,one lakh,No,,Upgrade
P80,Industry and Commerce,To reopen Brahmavar Vani Vilas Co-operative sugar factory.,Industry and Commerce,Agricultural Processing,No,,No,,Reopening
P81,Industry and Commerce,To offer SGST concessions to 2 wheeler and 3 wheeler electric vehicles within urban limits as pollution free Green mobility solution.,Transport,Industry and Commerce,No,,No,,Policy
P82,Industry and Commerce,To create a Jean Capital of India in Bellary to boost exports to expand employments opportunities by creating an Apparel park by investing Rs. 5000 Cr,Industry and Commerce,Apparel,Yes,5000 Cr,No,,Investment
P83,Industry and Commerce,"To create a Task Force to assist exporters in improving supply chains, market accessibility, and handholding for increasing exports.",Industry and Commerce,Export,No,,No,,Task Force creation
P84,Industry and Commerce,To offer Start up subsidy upto Rs. 25 lakhs and soft loan upto Rs. One crore @,Economy,Industry and Commerce,Yes,Rs. 25 lakhs and Rs. One crore,No,,Subsidy and Loan
P85,MSMEs:,"To set up a Welfare Fund worth Rs. 1,000 Crore to provide low-interest loans for small traders and shopkeepers to help revive key sectors of the local economy",Economy,MSMEs,Yes,"Rs. 1,000 Crore",No,,Financial
P86,MSMEs:,To Reduce stamp duty to MSME for hypothecation and equitable mortgage for bank loans.,Economy,MSMEs,Yes,Reduce stamp duty,No,,Policy Change
P87,Tourism,"To create a revolving fund of Rs. 5,000 crores for tourism development in the state.",Infrastructure,Tourism,Yes,5000 crores,No,,Financial
P88,Tourism,To provide loans at 5% interest rate and taxi permit to 50 youth in each constituency.,Transport,Tourism,Yes,50,No,,Loan and Permit
P89,Tourism,To provide 6% interest subvention for loans up to Rs. 5 lakh for any infrastructural development by home-stay owners and to review the legal provisions. ,Infrastructure,Tourism,Yes,6%,No,,Financial
P90,Hotel and Hospitality Industry,To give Industry Status to Hotels with more than 20 employees.,Infrastructure,Hotel and Hospitality Industry,Yes,20,No,,Policy
P91,Hotel and Hospitality Industry,To help small self - employed hotel / Bakery / Sweet Stall sector by offering loan up-to Rs 10 Lakhs with 6% interest,Other,Hotel and Hospitality Industry,Yes,Rs 10 Lakhs,No,,Loan
P92,Power and Energy,"To provide 200 units of free electricity to every house - ""GRUHAJYOTHI""",Energy,Power and Energy,Yes,200,No,,Promise
P93,Power and Energy,To Offer 25% subsidy upto Rs. 3 lakhs for installing solar appliances for domestic use.,Energy,Power and Energy,Yes,25%,No,,Subsidy
P94,Power and Energy,To establish EV charging infrastructure and battery manufacturing units with 50% exemption in SGST and special subsidy,Energy,Power and Energy,Yes,50%,No,,Infrastructure Development
P95,Power and Energy,"To encourage more mega Solar Parks, to produce additional generation of 5000 MW Power",Energy,Power and Energy,Yes,5000 MW,No,,Encourage
P96,Transportation,SHAKTI - Free travel to all women through out the state in regular KSRTC Busses,Transport,Public Transportation,Yes,Free travel to all women,No,,Service
P97,Transportation,To ensure that the strength of Electric Buses is increased sharply so that within 2 years 50% of the buses are Electricity operated.,Transport,Public Transportation,Yes,50%,Yes,2 years from now,Increase
P98,Transportation,To encourage E-vehicles - To make it compulsory to install E- Vehicle Charging points in apartments. Installation of E-Vehicle Charging points in all important junctions and Highways.,Transport,Infrastructure,Yes,Installation of E-Vehicle Charging points in all important junctions and Highways,No,,Compulsory
P99,Transportation,To increase the fleet strength of BMTC — to 10000 in five years.,Transport,Public Transportation,Yes,10000,Yes,five years,Increase fleet strength
P100,Transportation,To increase the KSRTC fleet — to 15000 Busses in five years,Transport,Public Transportation,Yes,15000,Yes,five years,Increase
P101,Transportation,To launch arural minibus program in collaboration with public participation,Transport,Public Transportation,No,,No,,Program Launch
P102,"Mining, Forest & Environment Protection",To stop the mining Mafia and stop the loot of natural resources and make suitable changes to mining laws.,Economy,"Mining, Forest & Environment Protection",No,,No,,Policy Change
P103,"Food, Civil Supplies and Consumer issues:",ANNABHAGYA 10 kgs of free rice supply per person,Agriculture,Food,Yes,10 kgs,No,,Supply
P104,"Food, Civil Supplies and Consumer issues:",Torejuvenate existing Indira Canteens and extend them throughout the state.,Infrastructure,"Food, Civil Supplies and Consumer issues",No,,No,,Infrastructure Development
P105,EDUCATION ,To fill up all the vacancies of teachers and staff in Government and aided Schools/Colleges within one year,Education,Education Infrastructure,Yes,all vacancies,Yes,within one year,Fill up
P106,EDUCATION ,Toregulate the fees in the schools and to reduce the fees of BPL Students.,Education,School Fees Regulation,No,,No,,Regulation
P107,EDUCATION ,"The BJP government has distorted the text books by insulting the great souls of Karnataka like Vishwa Guru Basavanna, Rastrakavi Kuvempu. The congress will restore the true values of Bharath and Karnataka and Scientific Temper in the text books to make the students evolved and complete.",Education,,No,,No,,Restoration
P108,EDUCATION ,To establish Karnataka State Educational Financial Corporation with a seed money of Rs.2000 Crores for the purpose of bringing all State Scholarships in respect of all the categories under one umbrella for speedy and quick disbursement.,Education,Education Finance,Yes,Rs.2000 Crores,No,,Establishment
P109,EDUCATION ,To increase the income limit from Rs.3.5 lakhs to Rs.5 Lakhs under RTE Act for eligibility for admission to schools.,Education,RTE Act,Yes,Rs.5 Lakhs,No,,Increase
P110,EDUCATION , To upgrade 2500 Government Schools as smart schools in the state.,Education,Education Infrastructure,Yes,2500,No,,Infrastructure Development
P111,EDUCATION ,"To bear the college fee of 10% of the government school students on merit who study 6-12th class in Karnataka and secure an MBBS/IIT/IIM/Engineering seat on passing competitive examinations, in any college in India.",Education,Education - School and Higher Education,Yes,10% of government school students,No,,Financial
P112,Health Services,To fill up vacancies of staffand doctors in all Government Hospitals.,Health,Health Services,No,,No,,Promise
P113,Health Services,"To establish along all the national highways, a fully equipped trauma centre in every 100 KMs.",Infrastructure,Transport,Yes,100 KMs,No,,Establishment
P114,Health Services,To extend Rashtriya Swasthya Bhima Yojna and bring all the health schemes under one umbrella and extend it to gig workers.,Health,Health Services,No,,No,,Extension of existing scheme
P115,Health Services,"To ensure that everyone gets the medicine at a reasonable price, 10 Kasturba Aushadha Kendras in each Taluk.",Health,Health Services,Yes,10 Kasturba Aushadha Kendras in each Taluk,No,,Infrastructure Development
P116,Health Services,"To establish one Jayadeva like Heart Hospital, Kidwai like Cancer Hospital and NIMHANS type Psychiatric Hospitals in each revenue Division.",Health,Health Services,Yes,"1 (Jayadeva like Heart Hospital), 1 (Kidwai like Cancer Hospital), 1 (NIMHANS type Psychiatric Hospital)",No,,Establishment
P117,Health Services,Puneeth Rajkumar Heart Health Scheme To offer subsidy to Doctors/ Clinics/Nursing Home to buy DEFIBRILLATOR (AED).,Health,Health Services,No,,No,,Subsidy
P118,Housing,"To ensure that all homeless families in Karnataka have a dwelling house under the existing schemes, within 5 years.",Infrastructure,Housing,Yes,all homeless families in Karnataka,Yes,5 years from now,Ensure
P119,Housing,To waive offall Housing Loans under various Government Housing Schemes as a onetime measure.,Infrastructure,Housing,Yes,all Housing Loans,No,,Waive off
P120,Housing,To increase State Government subsidy of Rs. 3.5 lakhs to housing projects of the poor,Infrastructure,Housing,Yes,Rs. 3.5 lakhs,No,,Increase subsidy
P121,SC/ST/OBC/ Minority Communities,"To increase the celing and reservation from 50% to 75% to accommodate the hopes and aspirations of SC/ST/OBC/Minority/ and other communities like Lingayat and Vokkliggas. The Congress party committed to increase reservation for SC’s from 15% to 17%, for ST’s 3% to 7%, and restore minority reservation 4% and increase reservations Lingayat’s, Vokkaliggas’s and other communities and to pursue for inclusion in the 9th Schedule of the Constitution.",Governance,Social Welfare,Yes,Increase reservation from 50% to 75%,No,,Policy Change
P122,SC/ST/OBC/ Minority Communities,To release the Socio-Economic caste censes conducted by the congress government and accord social justice accordingly,Welfare,Social Justice,No,,No,,Policy
P123,SC/ST/OBC/ Minority Communities,To present the report of Justice Sadashiva Commission in the first session of the Legislative Assembly and Legislative Council and the Congress Party will strive to get justice to all the sub-groups and urge the Union Government to accept it.,Governance,Legislative Reforms,No,,No,,Policy/Reform
P124,SC/ST/OBC/ Minority Communities,To provide house to all SC/ST families in the next five years. Government to build houses for SC/STs,Infrastructure,Housing,Yes,all SC/ST families,Yes,next five years,Government to build houses
P125,SC/ST/OBC/ Minority Communities,"To provide every year, subsidy and loan with 3% interest to 25,000 youth of SC/ST communities under Airavata Scheme, for purchase of Taxi, Goods, Vehicle, three wheelers, four wheelers and other vehicles for selfemployment.",Transport,Self-Employment,Yes,"25,000",Yes,Every year,Subsidy and Loan
P126,SC/ST/OBC/ Minority Communities,To take action to fill all the backlog vacancies within one year.,Welfare,Employment,Yes,all backlog vacancies,Yes,1 year,Action
P127,SC/ST/OBC/ Minority Communities,"To set up Rs. 1000 Crore revolving fund - ""Dr Bhimrao Ramji Ambedkar Entrepreneurship Fund"" - for organizing entrepreneurship development and incubation programs for SC entrepreneurs.",Economy,Entrepreneurship Development,Yes,1000 Crore,No,,Financial
P128,SC/ST/OBC/ Minority Communities,"To create a new ""Smt. Savitri Bai Pule Education Scheme to give Monthly incentives of Rs.150/- for students from | st Std. to Sth Standard, Rs.300/- for 6th to 10 std. students to be given. The incentive to be transferred to the Bank account of the mother of the student.",Education,Scholarships,Yes,Rs.150/- (for 1st to 5th Std.) and Rs.300/- (for 6th to 10th Std.),No,,Financial Incentive
P129,SC/ST/OBC/ Minority Communities,"To open Literature, cultural and Arts academy under Kannada and Culture department for 46 castes of SC and ST, Nomedic and Semi-nomedic and OBC Category-I",Education,"Literature, cultural and Arts academy",No,,No,,Promise
P130,SC/ST/OBC/ Minority Communities,"To identify youths belonging to Pambada, Nalike, Parava and Kudbi of Dakshina Kannada and Udupi districts and to ensure 100% housing and also to train boys and girls for jobs.",Welfare,Housing and Employment,Yes,100%,No,,Social Welfare
P131,SC/ST/OBC/ Minority Communities,To increase the insurance maturity amount given under the Bhagya Lakshmi scheme Rs.3 Lakhs to SC/ST families.,Welfare,Social Welfare,Yes,Rs.3 Lakhs,No,,Increase
P132,SC/ST/OBC/ Minority Communities,To establish 100 Aranya Kendras in tribal areas to help and guide them in primary processing and value additions for their produce.,Agriculture,Primary Processing and Value Addition,Yes,100,No,,Establishment
P133,SC/ST/OBC/ Minority Communities,To construct 50 new Ekalavya residential schools in the next five years,Education,School Infrastructure,Yes,50,Yes,5 years,Infrastructure Development
P134,SC/ST/OBC/ Minority Communities,To send 100 people from the leather based traditional artisans abroad for better training.,Education,Skill Development,Yes,100,No,,Training
P135,SC/ST/OBC/ Minority Communities,"To setup Rs 5000 crore revolving fund ""Socio-economic welfare Fund"" for the overall welfare of OBC communities involved in sculpting, pottery, weaving and other traditional occupations.",Welfare,Socio-economic welfare,Yes,Rs 5000 crore,No,,Setup a fund
P136,SC/ST/OBC/ Minority Communities,"To establish Brahmashri Narayana Guru Development Corporation with annual budget of Rs. 500 Cr, a total of Rs. 2500 Cr in 5 years",Welfare,SC/ST/OBC/ Minority Communities,Yes,Rs. 500 Cr,Yes,5 years,Establishment
P137,SC/ST/OBC/ Minority Communities,"To establish Micro Backward Comminutes Development Corporation with annual budget of Rs. 500 Cr, a total of Rs. 2500 Crin 5 years",Economy,Development Corporation,Yes,Rs. 500 Cr,Yes,5 years,Establishment
P138,SC/ST/OBC/ Minority Communities,"To constitute Development Corporations for the welfare of Tigala, Madiwala,Savitha, Uppara, Balija and Alemari Budakatu communities and provide dedicated budget",Welfare,Community Development,No,,No,,Policy
P139,SC/ST/OBC/ Minority Communities,To increase the grants to all development Corporations and Boards.,Welfare,Social Welfare,No,,No,,Increase grants
P140,SC/ST/OBC/ Minority Communities,"To provide collateral-free loans up to 10 lakhs at 3% interest to 50,000 OBC entrepreneurs.",Economy,Entrepreneurship,Yes,50000,No,,Loan
P141,SC/ST/OBC/ Minority Communities,"To provide scholarships every year to 1000 SC/ST/OBC students, who secure PG seat at foreign universities.",Education,Scholarships,Yes,1000,Yes,every year,Scholarships
P142,SC/ST/OBC/ Minority Communities,"To enhance monthly fellowships from Rs.5,000 to Rs 10,000 for backward class students enrolled to PhD in state universities.",Education,Scholarships,Yes,"Rs 10,000",No,,Increase
P143,SC/ST/OBC/ Minority Communities,To establish Tigala Development Board.,Welfare,Social Welfare,No,,No,,Establishment
P144,SC/ST/OBC/ Minority Communities,"The most backward communities are under Category-I. 12% of the population is under this category. As per the report of the Havanur Commission, 58 of the castes have the character of tribals. Nomadic and semi-nomadic castes are also under this category. The castes under this category have got abysmal share in Education, Employment and Industry. Earlier, these castes were getting the benefits available to the SC/STs. A comprehensive plan for their total
development will be envisaged.",Education,Education for backward communities,No,,No,,Policy/Plan
P145,SC/ST/OBC/ Minority Communities,"To give special focus to the development of listed marginal communities and to establish Alemari Budakattu Board for this purpose with Rs. 1,000 crores.",Welfare,Social Welfare,Yes,"Rs. 1,000 crores",No,,Infrastructure Development
P146,Weavers:,"To provide Rs. 30,000 per annum to weavers with spinning wheels to modernize their looms.",Economy,Weavers,Yes,30000,No,,Financial
P147,Women and Children - Naari Shakthi,To offer Rs.2000 Every month to each and every women head of the family GRUHA LAKSHMI project,Welfare,Women and Children - Naari Shakthi,Yes,Rs.2000,No,,Financial
P148,Women and Children - Naari Shakthi,"To support 5,000 women entrepreneurs every year for entrepreneurial development.",Economy,Entrepreneurship,Yes,5000,Yes,every year,Support
P149,Women and Children - Naari Shakthi,To increase allocation of funds to Stree Shakthi Sanghas.,Welfare,Women and Children - Naari Shakthi,No,,No,,Increase allocation of funds
P150,Women and Children - Naari Shakthi,"To nurture 5000 Stree Shakti micro-enterprises over 5 years and to encourage them to take up 21st century needs like food processing, catering, mobile canteens, solid waste management, parking management.",Economy,Micro-enterprises,Yes,5000,Yes,5 years,Nurture and Encourage
P151,Women and Children - Naari Shakthi,"To provide Rs.50 lakhs grant to the Grama Panchayaths which elect women as the Chairperson, over looking specific reservations",Welfare,Women and Children - Naari Shakthi,Yes,Rs.50 lakhs,No,,Grant
P152,Women and Children - Naari Shakthi,"To provide 50% subsidy on buying electric scooters to frontline health workers namely ANM, Anganwadi and ASHA workers.",Health,Women and Children - Naari Shakthi,Yes,50%,No,,Subsidy
P153,Religious Minorities,"The Congress Party is committed to the welfare of all citizens and groups, including minorities, as per the Constitution of India. Accordingly, the allocation of funds for the minority welfare — Muslim, Christian, Jain, Buddhists and others, would be increased to Rs. 10,000 Cr",Welfare,Religious Minorities,Yes,"Rs. 10,000 Cr",No,,Increase allocation of funds
P154,Kashmiri Pandits:,To allot Rs.15 crores to start Kashmiri Culture Centre Allotting one time grant of Rs.25 crore and annual grant of Rs. One crore from the Department of Kannada Culture,Welfare,Cultural,Yes,Rs. 40 crores,No,,Grant
P155,GENDER MINORITIES,Toestablish a Mangalamukhi Welfare Board by allotting Rs.200 crores annually.,Welfare,Gender Minorities,Yes,Rs.200 crores,Yes,,Establishment
P156,GENDER MINORITIES,To provide Self-employment grants for taking up small business to all Gender Minorities upto Rs.2 lakhs.,Economy,Small Business,Yes,Rs.2 lakhs,No,,Grant
P157,Pourakarmikas,"To regularise all 25,000 Pourakarmikas with all the relevant facilities.",Infrastructure,Waste Management,Yes,"25,000",No,,Regularisation
P158,Pourakarmikas,Recruitment of additional Pourakarmikas.,Infrastructure,Waste Management,Yes,additional Pourakarmikas,No,,Recruitment
P159,Pourakarmikas,To offer Hazardous pay and insurance cover of Rs. 10 Lakh to each,Welfare,Labor,Yes,Rs. 10 Lakh,No,,Benefit
P160,Drivers:,To set up Auto Drivers' Board and Taxi Drivers' Welfare Board funding with Rs. 50 Crs to each and encouragement for self-employment.,Transport,Drivers,Yes,Rs. 50 Crs,No,,Funding and Encouragement
P161,Street Vendors,"To develop dedicated hawker zones in all district HQs and to provide one-time financial assistance of Rs. 20,000 to street vendors to set up their shops in these zones. ",Infrastructure,Urban Development,Yes,"Rs. 20,000",No,,Financial Assistance
P162,Gig and Un-organised Workers,"To establish a Gig Workers' Welfare Board with allotment of Rs.3,000 Crs as seed money for revolving fund.",Welfare,Gig and Un-organised Workers,Yes,"Rs.3,000 Crs",No,,Establishment
P163,Senior Citizens:,"Tocreate Sharavana Kumara Senior citizens welfare fund - Rs.1,000 Crore.",Welfare,Senior Citizens,Yes,"Rs.1,000 Crore",No,,Fund Creation
P164,Senior Citizens:,To offer free Pilgrimage to one of the 15 holy places of Karnataka and one of the 10 holy places of India once in two years.,Welfare,Social Welfare,Yes,1 pilgrimage every 2 years,Yes,Not specified,Benefit
P165,Senior Citizens:,"To increase the one-time subsidy provided to senior citizens from Karnataka for pilgrimages to Kashi, Mathura and Kailash Mansarovar Yatra. ",Welfare,Senior Citizens,Yes,Increase one-time subsidy,No,,Increase
P166,Persons otherwise able,To provide Rs.3 lakhs interest free loan to take up self-employment to the diabled women.,Welfare,Social Welfare,Yes,Rs.3 lakhs,No,,Loan
P167,Persons otherwise able,"To create a Rs 50 Crore ""Vidhya Deepa Nidhi"" disabled youth scholarship fund to ensure access to higher education both in India and abroad.",Education,Scholarships,Yes,Rs 50 Crore,No,,Fund creation
P168,Persons otherwise able,To provide free bus pass and to one accompanying person.,Transport,Public Transportation,Yes,Free bus pass and one accompanying person,No,,Benefit
P169,Persons otherwise able,"To Set up Karnataka Institute of Speech and Hearing, similar to the All India Institute of Speech and Hearing in all revenue divisions of Karnataka. ",Education,Healthcare,No,,No,,Infrastructure Development
P170,Veteran Army personnel,"To establish ""Field Marshal General Kariappa Ex-servicemen Development Board with Rs.500 Crores revolving fund to provide financial assistance to ex- servicemen to upto Rs.10 lakhs @ 5% interest to start self- employment/entrepreneurship.",Welfare,Veteran Support,Yes,500 Crores,No,,Financial Assistance
P171,Veteran Army personnel,Topush forONE RANK ONE PENSION for Ex-Servicemen,Welfare,Veteran Benefits,Yes,ONE RANK ONE PENSION,No,,Policy
P172,Veteran Army personnel,"To make special scheme for providing land, house and site to ex-servicemen and to exempt from House Tax, Water Tax and upto Rs.2,000 Electricity Bill for their own residences.",Infrastructure,Housing,Yes,"Rs.2,000",No,,Welfare
P173,Journalists,Establishment ofa a Journalist Welfare Fund with seed money of Rs.500 Crores.,Welfare,Journalist Welfare,Yes,Rs.500 Crores,No,,Establishment
P174,Advocates,"To assist establishing Advocate Bhavans in Corporation, cities and District Headquarters.",Governance,Advocates,No,,No,,Assistance
P175,NRI Kannadigas,To Create a separate Ministry to take care of the affairs of NRI Kannadigas.,Governance,Administration,No,,No,,Policy
P176,NRI Kannadigas,To help in setting up industries and those permanently relocating by creating revolving fund of Rs.1000 Crs. ,Economy,Industry,Yes,Rs.1000 Crs.,No,,Financial
P177,"Youth, Employment and Sports",To maintain a database of youth who are unable to secure a job within 180 days of college graduation. To provide an 'Unemployment Allowance' of Rs. 3000 per month to all registered graduates and Rs.1500/- to Diploma holders - YUVANIDHI,Welfare,"Youth, Employment and Sports",Yes,"Rs. 3000 (monthly allowance for graduates), Rs. 1500 (monthly allowance for diploma holders)",Yes,Not specified,Financial
P178,"Youth, Employment and Sports",To establish Bharatha Ratna CNR Fund with 500 crores corpus for basic scientific research for youth.,Education,Research and Development,Yes,500 crores,No,,Establishment of a fund
P179,"Youth, Employment and Sports",To provide free bus passes and train tickets to the candidates taking up competitive examinations.,Transport,Public Transportation,Yes,Free bus passes and train tickets,No,,Benefit
P180,"Youth, Employment and Sports",To ensure 80% in jobs in Karnataka to local people in both Public and Private,Economy,Employment,Yes,80%,No,,Job Reservation
P181,"Youth, Employment and Sports",To Constitute a Youth Commission to facilitate the overall development of youth,Governance,"Youth, Employment and Sports",No,,No,,Establishment
P182,"Youth, Employment and Sports",To allot Rs.2000 crores per year for sports.,Infrastructure,"Youth, Employment and Sports",Yes,Rs.2000 crores,No,,Financial Allocation
P183,"Youth, Employment and Sports","To start an exclusive Sports University in Mysuru and make Karnataka a World-Class sports hub. And, to build an International Sports Complex in Mysuru exclusively for traditional sports.",Infrastructure,Education,No,,Yes,,Infrastructure Development
P184,"Youth, Employment and Sports","To identify 1,000 budding Sports talents every year from across the state and provide them financial assistance. ",Welfare,"Youth, Employment and Sports",Yes,"1,000",Yes,every year,Financial assistance
P185,"Language, Literature, Tradition and Culture","To develop Kuppalli, the birth place of Rastra Kavi Kuvempu a nature tourist center make special project of Rs. 100 Crs.",Infrastructure,Tourism,Yes,Rs. 100 Crs,No,,Development
P186,"Language, Literature, Tradition and Culture","To encourage and develop Kannada Language, literature, education and culture in 63 Taluks in Border areas and in 6 adjoining states where there are large number of Kannadigas, annual allotment of Rs.200 crores.",Education,Language and Literature,Yes,Rs.200 crores,No,,Annual allotment
P187,"Language, Literature, Tradition and Culture","To start ""Kuvempu Sahithya Puraskara Abhiyana"" to promote 500 young poets and authors in the state by giving them financial assistance of Rs 25,000 to each.",Welfare,"Language, Literature, Tradition and Culture",Yes,500,No,,Financial Assistance
P188,"Language, Literature, Tradition and Culture",To set up the Aluru Venkata Rao Fund of Rs 100 Crore to promote Kannada in the digital space.,Education,Language and Literature,Yes,100 Crore,No,,Financial
P189,"Language, Literature, Tradition and Culture",To release Rs.100 crores to establish- Basavapatha - the institution for Social Inclusion and Religious Ethics - in Kudalasangama.,Economy,Welfare,Yes,Rs.100 crores,No,,Financial
P190,"Language, Literature, Tradition and Culture",To build a state-of-the-art museum and theme park dedicated to Veera Madakari Nayaka in Chitradurga.,Infrastructure,Tourism,No,,No,,Infrastructure Development
P191,"Language, Literature, Tradition and Culture","To create a Rs 500 Crore ""Thayi Bhuvaneshwari Monuments Fund"" to ensure the proper maintenance of all ASI sites in Karnataka.",Infrastructure,Culture and Heritage,Yes,Rs 500 Crore,No,,Financial
P192,"Language, Literature, Tradition and Culture","To revive and develop Bhuvanagiri in Siddapur taluk as a tourist destination with aRs 10 Crore grant, as it is the only place in the state where a temple is dedicated to Kannada Mathe Bhuvaneshwari Devi.",Infrastructure,Tourism,Yes,10 Crore,No,,Grant
P193,"Language, Literature, Tradition and Culture",To bring out all Mahakavyas of Kannada Literture in digital form in the Gamaka format.,Education,"Language, Literature, Tradition and Culture",No,,No,,Promise
P194,"Language, Literature, Tradition and Culture",To make special projects to study of Samskrith Literature - Adi Shankaracharya Adhyayana Yojane,Education,"Language, Literature, Tradition and Culture",No,,No,,Special projects
P195,"Language, Literature, Tradition and Culture","To aid and strengthen minority languages like Pali, Prakrit, Tulu, Konkani, Kodava, Byari, and Urdu.",Education,Language and Literature,No,,No,,Support
P196,"Language, Literature, Tradition and Culture",To establish Yakshagana Pradhikara with Rs. 25 Crs annual grants.,Governance,"Language, Literature, Tradition and Culture",Yes,Rs. 25 Crs,No,,Establishment
P197,"Language, Literature, Tradition and Culture","To evolve a scheme to provide economic security to the artists of Yakshagana, Kambala, drama, music Dhaivaradhana work and other forms of arts.",Welfare,Arts and Culture,No,,No,,Policy
P198,"Language, Literature, Tradition and Culture",To create a freedom memorial and theme park at Belgavi to commemorate the 1924 Congress Session- [the session presided over by Mahatma Gandhil.,Infrastructure,Tourism,No,,No,,Other
P199,"Language, Literature, Tradition and Culture",To Set up Festival Authority of Karnataka.,Governance,"Language, Literature, Tradition and Culture",No,,No,,Establishment
P200,"Language, Literature, Tradition and Culture","To set up the Shivaram Karantha Literature Fund of Rs. 100 Crore to encourage Kannada writing, both poetry and prose, among students of classes 8-12.",Education,Language and Literature,Yes,Rs. 100 Crore,No,,Financial
P201,"Language, Literature, Tradition and Culture","To give a cash prize of Rs 10,000 to students who score 100% in Kannada in their 10th exam in the name of Rashtra Kavi Manjeshwara Govinda Pai.",Education,"Language, Literature, Tradition and Culture",Yes,"Rs 10,000",No,,Cash Prize
P202,"Language, Literature, Tradition and Culture","To publish a book on Karnataka's history and it's culture called ""Hemmeya Beedu Namma Karunadu"" and make it a non-test subject in all UG courses.",Education,"Language, Literature, Tradition and Culture",No,,No,,Publish a book and make it a non-test subject
P203,"Language, Literature, Tradition and Culture","To provide Rupees one lakh annual grant to people pursuing PhDs in Kannada literature and a Rs. 25,000 annual grant to people pursuing PG in Kannada literature under ""Da Ra Bendre Kannada Bhasha Adhyayana Puraskara Nidhi""",Education,"Language, Literature, Tradition and Culture",Yes,"Rupees one lakh, Rs. 25,000",No,,Grant
P204,"Language, Literature, Tradition and Culture","To double the amount of money awarded to poets and authors under the Rajyotsava Award, Pampa Award, Kannada Sahitya Academy awards etc. limiting the number of awardees.",Welfare,"Language, Literature, Tradition and Culture",Yes,double the amount of money,No,,Increase
P205,"Language, Literature, Tradition and Culture","To start ""Nrupatunga Kannada Sahithya Puraskara Abhiyana"" to promote 500 young poets and authors in the state by giving them financial assistance of Rs 25,000 to each.",Education,Literature and Culture,Yes,500,No,,Financial Assistance
P206,"Language, Literature, Tradition and Culture","To establish in various universities, Kanakadasa Dasa Sahithya Adhyayana Peetha, Sarvagna Tripadi Sahithya Adhyayana Peeta, Basavanna Vachana Sahithya, Adhyayana Peeta, D V Gundappa Navodhaya sahithya Adhyayana Peeta, Pampa Hale Kannada sahithya Adhayayana Peeta, Kumaravyasa Nadukannada Sahithya Adhyayana Peeta, by providing necessary funds.",Education,"Language, Literature, Tradition and Culture",No,,No,,Establishment
P207,"Language, Literature, Tradition and Culture",To increase funding to Hampi Kannada University to encourage the holistic research on Kannada literature.,Education,Higher Education,No,,No,,Increase funding
P208,"Language, Literature, Tradition and Culture","To create a dedicated fund of Rs 100 Crore ""Shasana samshodhana mattu samrakshana Nidhi"" - for the restoration, renovation, and promotion of research on inscriptions.",Governance,"Language, Literature, Tradition and Culture",Yes,Rs 100 Crore,No,,Financial
P209,"Language, Literature, Tradition and Culture",To set up Rs 500 Crore revolving fund - Subbiah Naidu Kalabhivruddhi Nidhi - for the revival of ethnic art forms and folk sports.,Economy,Culture and Arts,Yes,Rs 500 Crore,No,,Financial
P210,"Language, Literature, Tradition and Culture","To organize a Mega cultural festival called ""Karnataka Arunodaya Samavesha"" in every assembly constituency to promote local folk arts and music.",Governance,Culture and Arts,No,,No,,Event
P211,"Language, Literature, Tradition and Culture",To set up Rs 30 Crore “C Ashwath Music Fellowship Fund” to honour young lyricists and singers.,Welfare,"Language, Literature, Tradition and Culture",Yes,Rs 30 Crore,No,,Financial
P212,"Language, Literature, Tradition and Culture","To provide Rs 10,000 honorarium per month to all senior folk artists and performing artists under ""Gangu Bai Hanagal”",Welfare,"Language, Literature, Tradition and Culture",Yes,"Rs 10,000",No,,Financial
P213,"Language, Literature, Tradition and Culture",To take suitable actions to get the Tulu language declared as Adhikritha Bhashe and to upgrade Tulu Sahitya Academy as Tulu Bhasha Abhivriddhi Pradhikara.,Governance,"Language, Literature, Tradition and Culture",No,,No,,Policy/Action
P214,"Language, Literature, Tradition and Culture",To provide Rs. 1 crore grant for the development of the unique Kodava Culture.,Welfare,Culture and Tradition,Yes,Rs. 1 crore,No,,Grant
P215,Temples and Pilgrim Centres:,"Karnataka has around 1,80,000 temples, of which only 35,500 temples come under the Muzrai department. These temples are neglected by the Muzarai Department. Separate special Pooja Nidhi to be established.",Governance,Temples and Pilgrim Centres,No,,No,,Establishment
P216,Temples and Pilgrim Centres:,To increase monthly grants to Muzarai temples.,Welfare,Temples and Pilgrim Centres,Yes,increase monthly grants,No,,Increase
P217,Temples and Pilgrim Centres:,"To set up a “Dharmika Nidhi,” fund of Rs 1,000Crore, for the restoration and renovation of minor temples and Mathas across the state.",Infrastructure,Temples and Pilgrim Centres,Yes,"Rs 1,000 Crore",No,,Financial
P218,Temples and Pilgrim Centres:,"To provide Rs 5,000 honorarium per month to all senior priests [above 60 years of age] of temples, mosques, churches, and other religious institutions after they reach the age of sixty, “Archaka Gowrava Nidhi Scheme.",Welfare,Social Security,Yes,5000,No,,Financial
P219,Temples and Pilgrim Centres:,"To increase the allowances to Rs.5,000/- per month for meeting the expenditure on Poojadravya and honorarium for small rural temples, and to bring temples of gramadevatas under the purview of Muzarai.",Welfare,Temples and Pilgrim Centres,Yes,"Rs.5,000/- per month",No,,Increase allowances
P220,Temples and Pilgrim Centres:,"To provide a grant of up to Rs.20,000 to all Grama Devathe and Theru Habba Festivals celebrated at the village level.",Welfare,Cultural and Social,Yes,20000,No,,Grant
P221,Kalyana Karnataka,"To reserve Rs.5,000 Crores every year for the infrastructure development of Kalyana Karnataka.",Infrastructure,Infrastructure Development,Yes,5000 Crores,Yes,Every year,Reservation
P222,Kalyana Karnataka,To establish a textile park at Bellary with an investment of rs. 5000 Cr.,Infrastructure,Textile,Yes,5000 Cr,No,,Investment
P223,Kalyana Karnataka,To provide special package for de-silting of Tungabhadra Dam,Infrastructure,Water Management,No,,No,,Policy
P224,Kalyana Karnataka,To grant ®1 crore to every gram panchayat for taking up development projects,Infrastructure,Development Projects,Yes,1 crore,No,,Grant
P225,Kalyana Karnataka,To establish minimum 100 PUC and one Women's Degree College in 41 assembly constituencies in Kalyana Karnataka.,Education,Higher Education,Yes,100,Yes,Not mentioned,Establishment
P226,Kalyana Karnataka,To fill up of all vacancies including back log vacancies in Kalayana Karnataka Region within a year of forming the Government by Congress Party.,Governance,Public Administration,Yes,fill up of all vacancies including back log vacancies,Yes,within a year of forming the Government,Policy
P227,Kalyana Karnataka,"To establish of one Mother and Child Special Hospital, Trauma and Emergency Treatment centres in each of the 41 Assembly Constituencies.",Health,Healthcare Infrastructure,Yes,"1 Mother and Child Special Hospital, 1 Trauma and Emergency Treatment centre per Assembly Constituency",No,,Infrastructure Development
P228,Kalyana Karnataka,To build 2500 new classrooms and fill up all vacancies of teachers.,Education,Infrastructure,Yes,2500,No,,Infrastructure Development
P229,Kalyana Karnataka,To convert the existing Kalaburagi-siraguppa-Ballary High way into 6-lane,Infrastructure,Transport,Yes,6-lane,No,,Infrastructure Development
P230,KITTURU KARNATAKA,To give a one-time infrastructure grant of Rs 1 Crore and monthly subsidy of Rs 1 lakh to all Kannada schools in the bordering region of Maharashtra,Education,Infrastructure and Funding,Yes,Rs 1 Crore + Rs 1 lakh,No,,Grant and Subsidy
P231,KITTURU KARNATAKA,To form 'Mahadayi Irrigation Development Corporation exclusively for the region.,Infrastructure,Irrigation,No,,No,,Formation of a Corporation
P232,KITTURU KARNATAKA,"To set up a 500-bed super-speciality hospitals in Karwar, Dharwad, Vijayapura and Bagalkot.",Health,Healthcare Infrastructure,Yes,500-bed,No,,Infrastructure Development
P233,KITTURU KARNATAKA,To set up one 'pulses and dal procurement centre’ in every district.,Agriculture,Pulses and Dal Procurement,Yes,1 centre per district,No,,Infrastructure Development
P234,KITTURU KARNATAKA,"To ensure the construction of 6 lane all weather roads connecting all the districts to the Karwar port passing through Vijaypura, Bagalkot, Gadag and Dharwad and to develop Karwara as the second Major Port.",Infrastructure,Transport,Yes,6 lane all weather roads,Yes,,Development
P235,Karavali/Malnad Karnataka,"To establish Brahmashri Narayana Guru Nigama and to with Rs.500 Crs. annualy and Rs. 2,500 Cr for five years",Economy,Finance,Yes,"500 Crs. annually, 2,500 Crs. for five years",Yes,Not specified,Financial
P236,Karavali/Malnad Karnataka,To construct “Amara Sullia Raithara Horata Bhavana” at sullia to commemorate the 1837 first freedom fight by farmers against the British by allotting land and grant of Rs.50 crores.,Infrastructure,Construction,Yes,Rs.50 crores,No,,Grant
P237,Karavali/Malnad Karnataka,Reserve Rs.100 crores to solve the problems of Yellow Leaf and other deceases affecting Arecanut and to improve marketing and research in this regard.,Agriculture,Crop Improvement and Marketing,Yes,Rs.100 crores,No,,Financial Allocation
P238,Karavali/Malnad Karnataka,To review Kasturi Rangan Report and to frame New Western Ghat Policy for Forest and Environmental protection.,Governance,Environmental Protection,No,,Yes,,Policy
P239,Karavali/Malnad Karnataka,To develop a robust action plan to setup Beach Tourism in Mangalore Udupi and Karwar districts. Coastal Beach Tourism Authority.,Infrastructure,Tourism,No,,No,,Development
P240,Karavali/Malnad Karnataka,To make Mangaluru internationally competitive IT centre to increase employment opportunities and establish an IT Park.,Infrastructure,IT and Technology,No,,No,,Development
P241,Karavali/Malnad Karnataka,To undertake the following programmes for the overall development of fishermen community: . Insurance Cover . Interest free loan upto Rs. One lakh to all fisher-women . 50% subsidy to buy well equipped fishing boats. . Increasing the diesel quantity upto 500 litres per day. . Providing appropriate transportation from dock to Market.,Economy,Fisheries,Yes,Rs. One lakh,No,,Welfare
P242,Karavali/Malnad Karnataka,"To upgrade the NHs through Shiradi, Charmadi and Sampaje into all whether proof 6 lane NHs connecting Mangaluru to Bengaluru and make efforts to improve the Railway Connections.",Infrastructure,Transport,Yes,6 lane NHs,Yes,,Upgrade
P243,Karavali/Malnad Karnataka,To develop Sasihitlu Sea Shore as International Surfing Centre.,Infrastructure,Tourism/Recreation,No,,No,,Development
P244,Karavali/Malnad Karnataka,To provide a Permanent dredging Machine to Mangaluru Fisheries Port,Infrastructure,Transport,Yes,Permanent dredging Machine,No,,Provide
P245,Karavali/Malnad Karnataka,"To set up two Fish Processing Parks in each of the coastal districts (Uttara Kannada, Dakshina Kannada and Udupi) and to set up required number of cold storage units to store marine products.",Infrastructure,Industrial Development,Yes,2 Fish Processing Parks in each of the coastal districts,No,,Infrastructure Development
P246,Hale Mysuru,To construct new ring road to Mandya.,Infrastructure,Transport,No,,No,,Construction
P247,Hale Mysuru,To invest Rs.5000 crores for the overall development of Mysuru Karnataka.,Infrastructure,Development,Yes,5000 crores,No,,Investment
P248,Hale Mysuru,To rejuvenate Mysugar Factory and to plan and establish new sugar factories in Mandya,Economy,Manufacturing,No,,No,,Infrastructure Development
P249,Hale Mysuru,To build international standard Dr. Raj Kumar Film City in Mysuru with Rs.500 Crore Budget.,Infrastructure,Tourism/Entertainment,Yes,Rs.500 Crore,No,,Capital Expenditure
P250,Hale Mysuru,"To start an exclusive Sports University in Mysuru and make it as a World-Class sports hub. And, to build an International Sports Complex in Mysuru.",Infrastructure,Education,No,,No,,Policy
P251,NAMMA BENGALURU,"To enact a comprehensive legislation exclusively for the management of BBMP bringing all service providers such as Water Supply and sewage, transport, housing, power and development authorities, under a single agency",Infrastructure,Urban Planning,No,,No,,Legislation
P252,NAMMA BENGALURU,"To construct North South, South-east long elevated flyovers with necessary wings ease the traffic.",Infrastructure,Transport,Yes,"construction of North South, South-east long elevated flyovers with necessary wings",No,,Promise
P253,NAMMA BENGALURU,"To get all pending metro projects completed under Phase 2, Phase 2A, Phase 2B within one year of coming to power. To strive to get approval and completion of Phase 3 and Phase 4 in the next five years and to extend Metro upon Tumkuru, Vasanta Narasapura Industrial Hub. ",Infrastructure,Transport,Yes,all pending metro projects,Yes,one year,completion
P254,NAMMA BENGALURU,To establish Mega Bengaluru Planning Committee.,Infrastructure,Urban Planning,No,,No,,Establishment
P255,NAMMA BENGALURU,Construction of tunnel roads in CBD area to decongest traffic on PPP Model,Infrastructure,Transport,No,,No,,PPP Model
P256,NAMMA BENGALURU,To take-up on priority suburban railway project and build proper footpaths,Infrastructure,Transport,No,,No,,Promise
P257,NAMMA BENGALURU,To bring out a new Policy to develop the residential and commercial infrastructure around the outer ring roads.,Infrastructure,Residential and Commercial Infrastructure,No,,No,,Policy
P258,NAMMA BENGALURU,To rename slums as Workers' Residential Zones and effect proper Housing Projects and give ownership titles of houses and sites.,Infrastructure,Housing,Yes,"rename slums as Workers' Residential Zones, effect proper Housing Projects, give ownership titles of houses and sites",No,,Policy
P259,NAMMA BENGALURU,"To create a system for seamless integration of Namma Metro, Suburban Rail",Infrastructure,Transport,Yes,seamless integration,No,,System creation
P260,NAMMA BENGALURU,Projects and Public Transportation Systems named after Puttanna Chettty.,Infrastructure,Transport,No,,No,,Promise
P261,NAMMA BENGALURU,"To constitute a 'Maha Bengaluru Samsthan' involving urban governance experts, industrialists, economists, and environmentalists to help BBMP revive the lost glory of Bengaluru through its administration.",Governance,Urban Governance,No,,No,,Policy/Reform
P262,NAMMA BENGALURU,To add 5000 new electric buses to BMTC's fleet to reduce pollution and make BMTC more energy efficient.,Transport,Public Transportation,Yes,5000,No,,Infrastructure Development
P263,NAMMA BENGALURU,To introduce e-rickshaws to improve first-mile and last-mile connectivity in the city of Bengaluru.,Infrastructure,Transport,No,,No,,Policy
P264,NAMMA BENGALURU,To install public charging/ battery swapping points at every metro station and bus stands to provide charging infrastructure.,Infrastructure,Transport,Yes,every metro station and bus stands,No,,Promise
P265,NAMMA BENGALURU,To provide free bus passes to BBMP pourakarmikas.,Infrastructure,Transport,Yes,free bus passes,No,,Welfare
P266,NAMMA BENGALURU,To complete the peripheral ring road and outer ring road projects on a priority basis to ease traffic congestion in the city.,Infrastructure,Transport,Yes,complete peripheral ring road and outer ring road projects,Yes,,Priority basis
P267,NAMMA BENGALURU,To approve the updated Master Plan 2042 for a sustainable and planned development of the Bengaluru city keeping in mind the needs ofall residents.,Infrastructure,Urban Planning,No,,Yes,2042,Policy/Regulation
P268,NAMMA BENGALURU,Implement Karnataka Apartment Ownership Act to ensure that Builders conveybthe whole property to Apartment owners including rights in Building and land underneath.,Infrastructure,Housing,No,,No,,Policy/Regulation